{"data": [{"week": "Monday", "value": 0, "time": "midnight"}, {"week": "Monday", "value": 0, "time": "1am"}, {"week": "Monday", "value": 3, "time": "2am"}, {"week": "Monday", "value": 28, "time": "3am"}, {"week": "Monday", "value": 8, "time": "4am"}, {"week": "Monday", "value": 36, "time": "5am"}, {"week": "Monday", "value": 48, "time": "6am"}, {"week": "Monday", "value": 6, "time": "7am"}, {"week": "Monday", "value": 0, "time": "8am"}, {"week": "Monday", "value": 0, "time": "9am"}, {"week": "Monday", "value": 0, "time": "10am"}, {"week": "Monday", "value": 0, "time": "11am"}, {"week": "Monday", "value": 0, "time": "midday"}, {"week": "Monday", "value": 5, "time": "1pm"}, {"week": "Monday", "value": 72, "time": "2pm"}, {"week": "Monday", "value": 62, "time": "3pm"}, {"week": "Monday", "value": 3, "time": "4pm"}, {"week": "Monday", "value": 3, "time": "5pm"}, {"week": "Monday", "value": 34, "time": "6pm"}, {"week": "Monday", "value": 6, "time": "7pm"}, {"week": "Monday", "value": 2, "time": "8pm"}, {"week": "Monday", "value": 0, "time": "9pm"}, {"week": "Monday", "value": 0, "time": "10pm"}, {"week": "Monday", "value": 6, "time": "11pm"}, {"week": "Tuesday", "value": 0, "time": "midnight"}, {"week": "Tuesday", "value": 0, "time": "1am"}, {"week": "Tuesday", "value": 6, "time": "2am"}, {"week": "Tuesday", "value": 24, "time": "3am"}, {"week": "Tuesday", "value": 10, "time": "4am"}, {"week": "Tuesday", "value": 70, "time": "5am"}, {"week": "Tuesday", "value": 45, "time": "6am"}, {"week": "Tuesday", "value": 21, "time": "7am"}, {"week": "Tuesday", "value": 0, "time": "8am"}, {"week": "Tuesday", "value": 0, "time": "9am"}, {"week": "Tuesday", "value": 0, "time": "10am"}, {"week": "Tuesday", "value": 0, "time": "11am"}, {"week": "Tuesday", "value": 0, "time": "midday"}, {"week": "Tuesday", "value": 6, "time": "1pm"}, {"week": "Tuesday", "value": 63, "time": "2pm"}, {"week": "Tuesday", "value": 49, "time": "3pm"}, {"week": "Tuesday", "value": 5, "time": "4pm"}, {"week": "Tuesday", "value": 4, "time": "5pm"}, {"week": "Tuesday", "value": 38, "time": "6pm"}, {"week": "Tuesday", "value": 15, "time": "7pm"}, {"week": "Tuesday", "value": 2, "time": "8pm"}, {"week": "Tuesday", "value": 0, "time": "9pm"}, {"week": "Tuesday", "value": 0, "time": "10pm"}, {"week": "Tuesday", "value": 0, "time": "11pm"}, {"week": "Wednesday", "value": 0, "time": "midnight"}, {"week": "Wednesday", "value": 0, "time": "1am"}, {"week": "Wednesday", "value": 11, "time": "2am"}, {"week": "Wednesday", "value": 63, "time": "3am"}, {"week": "Wednesday", "value": 10, "time": "4am"}, {"week": "Wednesday", "value": 40, "time": "5am"}, {"week": "Wednesday", "value": 62, "time": "6am"}, {"week": "Wednesday", "value": 2, "time": "7am"}, {"week": "Wednesday", "value": 0, "time": "8am"}, {"week": "Wednesday", "value": 0, "time": "9am"}, {"week": "Wednesday", "value": 0, "time": "10am"}, {"week": "Wednesday", "value": 0, "time": "11am"}, {"week": "Wednesday", "value": 0, "time": "midday"}, {"week": "Wednesday", "value": 3, "time": "1pm"}, {"week": "Wednesday", "value": 166, "time": "2pm"}, {"week": "Wednesday", "value": 72, "time": "3pm"}, {"week": "Wednesday", "value": 5, "time": "4pm"}, {"week": "Wednesday", "value": 11, "time": "5pm"}, {"week": "Wednesday", "value": 36, "time": "6pm"}, {"week": "Wednesday", "value": 6, "time": "7pm"}, {"week": "Wednesday", "value": 0, "time": "8pm"}, {"week": "Wednesday", "value": 0, "time": "9pm"}, {"week": "Wednesday", "value": 0, "time": "10pm"}, {"week": "Wednesday", "value": 2, "time": "11pm"}, {"week": "Thursday", "value": 0, "time": "midnight"}, {"week": "Thursday", "value": 0, "time": "1am"}, {"week": "Thursday", "value": 6, "time": "2am"}, {"week": "Thursday", "value": 42, "time": "3am"}, {"week": "Thursday", "value": 83, "time": "4am"}, {"week": "Thursday", "value": 69, "time": "5am"}, {"week": "Thursday", "value": 20, "time": "6am"}, {"week": "Thursday", "value": 29, "time": "7am"}, {"week": "Thursday", "value": 0, "time": "8am"}, {"week": "Thursday", "value": 0, "time": "9am"}, {"week": "Thursday", "value": 0, "time": "10am"}, {"week": "Thursday", "value": 0, "time": "11am"}, {"week": "Thursday", "value": 0, "time": "midday"}, {"week": "Thursday", "value": 12, "time": "1pm"}, {"week": "Thursday", "value": 37, "time": "2pm"}, {"week": "Thursday", "value": 93, "time": "3pm"}, {"week": "Thursday", "value": 3, "time": "4pm"}, {"week": "Thursday", "value": 13, "time": "5pm"}, {"week": "Thursday", "value": 24, "time": "6pm"}, {"week": "Thursday", "value": 22, "time": "7pm"}, {"week": "Thursday", "value": 2, "time": "8pm"}, {"week": "Thursday", "value": 0, "time": "9pm"}, {"week": "Thursday", "value": 3, "time": "10pm"}, {"week": "Thursday", "value": 2, "time": "11pm"}, {"week": "Friday", "value": 0, "time": "midnight"}, {"week": "Friday", "value": 0, "time": "1am"}, {"week": "Friday", "value": 7, "time": "2am"}, {"week": "Friday", "value": 71, "time": "3am"}, {"week": "Friday", "value": 8, "time": "4am"}, {"week": "Friday", "value": 41, "time": "5am"}, {"week": "Friday", "value": 55, "time": "6am"}, {"week": "Friday", "value": 6, "time": "7am"}, {"week": "Friday", "value": 0, "time": "8am"}, {"week": "Friday", "value": 0, "time": "9am"}, {"week": "Friday", "value": 0, "time": "10am"}, {"week": "Friday", "value": 0, "time": "11am"}, {"week": "Friday", "value": 0, "time": "midday"}, {"week": "Friday", "value": 6, "time": "1pm"}, {"week": "Friday", "value": 187, "time": "2pm"}, {"week": "Friday", "value": 54, "time": "3pm"}, {"week": "Friday", "value": 1, "time": "4pm"}, {"week": "Friday", "value": 8, "time": "5pm"}, {"week": "Friday", "value": 56, "time": "6pm"}, {"week": "Friday", "value": 8, "time": "7pm"}, {"week": "Friday", "value": 8, "time": "8pm"}, {"week": "Friday", "value": 0, "time": "9pm"}, {"week": "Friday", "value": 4, "time": "10pm"}, {"week": "Friday", "value": 1, "time": "11pm"}, {"week": "Saturday", "value": 0, "time": "midnight"}, {"week": "Saturday", "value": 0, "time": "1am"}, {"week": "Saturday", "value": 5, "time": "2am"}, {"week": "Saturday", "value": 49, "time": "3am"}, {"week": "Saturday", "value": 23, "time": "4am"}, {"week": "Saturday", "value": 101, "time": "5am"}, {"week": "Saturday", "value": 29, "time": "6am"}, {"week": "Saturday", "value": 12, "time": "7am"}, {"week": "Saturday", "value": 0, "time": "8am"}, {"week": "Saturday", "value": 0, "time": "9am"}, {"week": "Saturday", "value": 0, "time": "10am"}, {"week": "Saturday", "value": 0, "time": "11am"}, {"week": "Saturday", "value": 0, "time": "midday"}, {"week": "Saturday", "value": 7, "time": "1pm"}, {"week": "Saturday", "value": 86, "time": "2pm"}, {"week": "Saturday", "value": 55, "time": "3pm"}, {"week": "Saturday", "value": 7, "time": "4pm"}, {"week": "Saturday", "value": 22, "time": "5pm"}, {"week": "Saturday", "value": 38, "time": "6pm"}, {"week": "Saturday", "value": 12, "time": "7pm"}, {"week": "Saturday", "value": 3, "time": "8pm"}, {"week": "Saturday", "value": 0, "time": "9pm"}, {"week": "Saturday", "value": 4, "time": "10pm"}, {"week": "Saturday", "value": 1, "time": "11pm"}, {"week": "Sunday", "value": 0, "time": "midnight"}, {"week": "Sunday", "value": 0, "time": "1am"}, {"week": "Sunday", "value": 11, "time": "2am"}, {"week": "Sunday", "value": 27, "time": "3am"}, {"week": "Sunday", "value": 32, "time": "4am"}, {"week": "Sunday", "value": 37, "time": "5am"}, {"week": "Sunday", "value": 47, "time": "6am"}, {"week": "Sunday", "value": 4, "time": "7am"}, {"week": "Sunday", "value": 0, "time": "8am"}, {"week": "Sunday", "value": 0, "time": "9am"}, {"week": "Sunday", "value": 0, "time": "10am"}, {"week": "Sunday", "value": 0, "time": "11am"}, {"week": "Sunday", "value": 0, "time": "midday"}, {"week": "Sunday", "value": 128, "time": "1pm"}, {"week": "Sunday", "value": 59, "time": "2pm"}, {"week": "Sunday", "value": 47, "time": "3pm"}, {"week": "Sunday", "value": 2, "time": "4pm"}, {"week": "Sunday", "value": 5, "time": "5pm"}, {"week": "Sunday", "value": 40, "time": "6pm"}, {"week": "Sunday", "value": 16, "time": "7pm"}, {"week": "Sunday", "value": 1, "time": "8pm"}, {"week": "Sunday", "value": 2, "time": "9pm"}, {"week": "Sunday", "value": 0, "time": "10pm"}, {"week": "Sunday", "value": 2, "time": "11pm"}]}