{"data": [{"week": "Monday", "value": 0, "time": "midnight"}, {"week": "Monday", "value": 0, "time": "1am"}, {"week": "Monday", "value": 4, "time": "2am"}, {"week": "Monday", "value": 22, "time": "3am"}, {"week": "Monday", "value": 21, "time": "4am"}, {"week": "Monday", "value": 56, "time": "5am"}, {"week": "Monday", "value": 14, "time": "6am"}, {"week": "Monday", "value": 0, "time": "7am"}, {"week": "Monday", "value": 0, "time": "8am"}, {"week": "Monday", "value": 0, "time": "9am"}, {"week": "Monday", "value": 0, "time": "10am"}, {"week": "Monday", "value": 0, "time": "11am"}, {"week": "Monday", "value": 1, "time": "midday"}, {"week": "Monday", "value": 14, "time": "1pm"}, {"week": "Monday", "value": 38, "time": "2pm"}, {"week": "Monday", "value": 23, "time": "3pm"}, {"week": "Monday", "value": 2, "time": "4pm"}, {"week": "Monday", "value": 11, "time": "5pm"}, {"week": "Monday", "value": 20, "time": "6pm"}, {"week": "Monday", "value": 4, "time": "7pm"}, {"week": "Monday", "value": 10, "time": "8pm"}, {"week": "Monday", "value": 0, "time": "9pm"}, {"week": "Monday", "value": 1, "time": "10pm"}, {"week": "Monday", "value": 1, "time": "11pm"}, {"week": "Tuesday", "value": 0, "time": "midnight"}, {"week": "Tuesday", "value": 0, "time": "1am"}, {"week": "Tuesday", "value": 31, "time": "2am"}, {"week": "Tuesday", "value": 32, "time": "3am"}, {"week": "Tuesday", "value": 32, "time": "4am"}, {"week": "Tuesday", "value": 28, "time": "5am"}, {"week": "Tuesday", "value": 22, "time": "6am"}, {"week": "Tuesday", "value": 6, "time": "7am"}, {"week": "Tuesday", "value": 0, "time": "8am"}, {"week": "Tuesday", "value": 0, "time": "9am"}, {"week": "Tuesday", "value": 0, "time": "10am"}, {"week": "Tuesday", "value": 0, "time": "11am"}, {"week": "Tuesday", "value": 0, "time": "midday"}, {"week": "Tuesday", "value": 82, "time": "1pm"}, {"week": "Tuesday", "value": 15, "time": "2pm"}, {"week": "Tuesday", "value": 63, "time": "3pm"}, {"week": "Tuesday", "value": 0, "time": "4pm"}, {"week": "Tuesday", "value": 22, "time": "5pm"}, {"week": "Tuesday", "value": 27, "time": "6pm"}, {"week": "Tuesday", "value": 17, "time": "7pm"}, {"week": "Tuesday", "value": 1, "time": "8pm"}, {"week": "Tuesday", "value": 1, "time": "9pm"}, {"week": "Tuesday", "value": 2, "time": "10pm"}, {"week": "Tuesday", "value": 19, "time": "11pm"}, {"week": "Wednesday", "value": 0, "time": "midnight"}, {"week": "Wednesday", "value": 0, "time": "1am"}, {"week": "Wednesday", "value": 17, "time": "2am"}, {"week": "Wednesday", "value": 34, "time": "3am"}, {"week": "Wednesday", "value": 66, "time": "4am"}, {"week": "Wednesday", "value": 67, "time": "5am"}, {"week": "Wednesday", "value": 20, "time": "6am"}, {"week": "Wednesday", "value": 14, "time": "7am"}, {"week": "Wednesday", "value": 0, "time": "8am"}, {"week": "Wednesday", "value": 0, "time": "9am"}, {"week": "Wednesday", "value": 0, "time": "10am"}, {"week": "Wednesday", "value": 0, "time": "11am"}, {"week": "Wednesday", "value": 0, "time": "midday"}, {"week": "Wednesday", "value": 5, "time": "1pm"}, {"week": "Wednesday", "value": 39, "time": "2pm"}, {"week": "Wednesday", "value": 51, "time": "3pm"}, {"week": "Wednesday", "value": 5, "time": "4pm"}, {"week": "Wednesday", "value": 13, "time": "5pm"}, {"week": "Wednesday", "value": 24, "time": "6pm"}, {"week": "Wednesday", "value": 14, "time": "7pm"}, {"week": "Wednesday", "value": 5, "time": "8pm"}, {"week": "Wednesday", "value": 1, "time": "9pm"}, {"week": "Wednesday", "value": 3, "time": "10pm"}, {"week": "Wednesday", "value": 0, "time": "11pm"}, {"week": "Thursday", "value": 0, "time": "midnight"}, {"week": "Thursday", "value": 0, "time": "1am"}, {"week": "Thursday", "value": 5, "time": "2am"}, {"week": "Thursday", "value": 290, "time": "3am"}, {"week": "Thursday", "value": 22, "time": "4am"}, {"week": "Thursday", "value": 36, "time": "5am"}, {"week": "Thursday", "value": 42, "time": "6am"}, {"week": "Thursday", "value": 2, "time": "7am"}, {"week": "Thursday", "value": 0, "time": "8am"}, {"week": "Thursday", "value": 0, "time": "9am"}, {"week": "Thursday", "value": 0, "time": "10am"}, {"week": "Thursday", "value": 0, "time": "11am"}, {"week": "Thursday", "value": 1, "time": "midday"}, {"week": "Thursday", "value": 16, "time": "1pm"}, {"week": "Thursday", "value": 286, "time": "2pm"}, {"week": "Thursday", "value": 35, "time": "3pm"}, {"week": "Thursday", "value": 5, "time": "4pm"}, {"week": "Thursday", "value": 6, "time": "5pm"}, {"week": "Thursday", "value": 30, "time": "6pm"}, {"week": "Thursday", "value": 11, "time": "7pm"}, {"week": "Thursday", "value": 10, "time": "8pm"}, {"week": "Thursday", "value": 0, "time": "9pm"}, {"week": "Thursday", "value": 4, "time": "10pm"}, {"week": "Thursday", "value": 6, "time": "11pm"}, {"week": "Friday", "value": 0, "time": "midnight"}, {"week": "Friday", "value": 0, "time": "1am"}, {"week": "Friday", "value": 22, "time": "2am"}, {"week": "Friday", "value": 37, "time": "3am"}, {"week": "Friday", "value": 59, "time": "4am"}, {"week": "Friday", "value": 56, "time": "5am"}, {"week": "Friday", "value": 33, "time": "6am"}, {"week": "Friday", "value": 2, "time": "7am"}, {"week": "Friday", "value": 0, "time": "8am"}, {"week": "Friday", "value": 0, "time": "9am"}, {"week": "Friday", "value": 0, "time": "10am"}, {"week": "Friday", "value": 0, "time": "11am"}, {"week": "Friday", "value": 1, "time": "midday"}, {"week": "Friday", "value": 50, "time": "1pm"}, {"week": "Friday", "value": 73, "time": "2pm"}, {"week": "Friday", "value": 61, "time": "3pm"}, {"week": "Friday", "value": 5, "time": "4pm"}, {"week": "Friday", "value": 5, "time": "5pm"}, {"week": "Friday", "value": 25, "time": "6pm"}, {"week": "Friday", "value": 10, "time": "7pm"}, {"week": "Friday", "value": 2, "time": "8pm"}, {"week": "Friday", "value": 0, "time": "9pm"}, {"week": "Friday", "value": 1, "time": "10pm"}, {"week": "Friday", "value": 25, "time": "11pm"}, {"week": "Saturday", "value": 0, "time": "midnight"}, {"week": "Saturday", "value": 0, "time": "1am"}, {"week": "Saturday", "value": 0, "time": "2am"}, {"week": "Saturday", "value": 76, "time": "3am"}, {"week": "Saturday", "value": 28, "time": "4am"}, {"week": "Saturday", "value": 58, "time": "5am"}, {"week": "Saturday", "value": 12, "time": "6am"}, {"week": "Saturday", "value": 0, "time": "7am"}, {"week": "Saturday", "value": 0, "time": "8am"}, {"week": "Saturday", "value": 0, "time": "9am"}, {"week": "Saturday", "value": 0, "time": "10am"}, {"week": "Saturday", "value": 0, "time": "11am"}, {"week": "Saturday", "value": 2, "time": "midday"}, {"week": "Saturday", "value": 15, "time": "1pm"}, {"week": "Saturday", "value": 153, "time": "2pm"}, {"week": "Saturday", "value": 29, "time": "3pm"}, {"week": "Saturday", "value": 13, "time": "4pm"}, {"week": "Saturday", "value": 4, "time": "5pm"}, {"week": "Saturday", "value": 38, "time": "6pm"}, {"week": "Saturday", "value": 12, "time": "7pm"}, {"week": "Saturday", "value": 5, "time": "8pm"}, {"week": "Saturday", "value": 5, "time": "9pm"}, {"week": "Saturday", "value": 0, "time": "10pm"}, {"week": "Saturday", "value": 2, "time": "11pm"}, {"week": "Sunday", "value": 0, "time": "midnight"}, {"week": "Sunday", "value": 0, "time": "1am"}, {"week": "Sunday", "value": 68, "time": "2am"}, {"week": "Sunday", "value": 23, "time": "3am"}, {"week": "Sunday", "value": 161, "time": "4am"}, {"week": "Sunday", "value": 130, "time": "5am"}, {"week": "Sunday", "value": 14, "time": "6am"}, {"week": "Sunday", "value": 4, "time": "7am"}, {"week": "Sunday", "value": 0, "time": "8am"}, {"week": "Sunday", "value": 0, "time": "9am"}, {"week": "Sunday", "value": 0, "time": "10am"}, {"week": "Sunday", "value": 0, "time": "11am"}, {"week": "Sunday", "value": 2, "time": "midday"}, {"week": "Sunday", "value": 28, "time": "1pm"}, {"week": "Sunday", "value": 64, "time": "2pm"}, {"week": "Sunday", "value": 49, "time": "3pm"}, {"week": "Sunday", "value": 7, "time": "4pm"}, {"week": "Sunday", "value": 5, "time": "5pm"}, {"week": "Sunday", "value": 45, "time": "6pm"}, {"week": "Sunday", "value": 6, "time": "7pm"}, {"week": "Sunday", "value": 2, "time": "8pm"}, {"week": "Sunday", "value": 6, "time": "9pm"}, {"week": "Sunday", "value": 46, "time": "10pm"}, {"week": "Sunday", "value": 2, "time": "11pm"}]}