{"data": [{"week": "Monday", "value": 0, "time": "midnight"}, {"week": "Monday", "value": 0, "time": "1am"}, {"week": "Monday", "value": 23, "time": "2am"}, {"week": "Monday", "value": 38, "time": "3am"}, {"week": "Monday", "value": 60, "time": "4am"}, {"week": "Monday", "value": 74, "time": "5am"}, {"week": "Monday", "value": 18, "time": "6am"}, {"week": "Monday", "value": 4, "time": "7am"}, {"week": "Monday", "value": 0, "time": "8am"}, {"week": "Monday", "value": 0, "time": "9am"}, {"week": "Monday", "value": 0, "time": "10am"}, {"week": "Monday", "value": 0, "time": "11am"}, {"week": "Monday", "value": 0, "time": "midday"}, {"week": "Monday", "value": 21, "time": "1pm"}, {"week": "Monday", "value": 108, "time": "2pm"}, {"week": "Monday", "value": 37, "time": "3pm"}, {"week": "Monday", "value": 1, "time": "4pm"}, {"week": "Monday", "value": 11, "time": "5pm"}, {"week": "Monday", "value": 32, "time": "6pm"}, {"week": "Monday", "value": 5, "time": "7pm"}, {"week": "Monday", "value": 4, "time": "8pm"}, {"week": "Monday", "value": 2, "time": "9pm"}, {"week": "Monday", "value": 1, "time": "10pm"}, {"week": "Monday", "value": 4, "time": "11pm"}, {"week": "Tuesday", "value": 0, "time": "midnight"}, {"week": "Tuesday", "value": 0, "time": "1am"}, {"week": "Tuesday", "value": 23, "time": "2am"}, {"week": "Tuesday", "value": 48, "time": "3am"}, {"week": "Tuesday", "value": 19, "time": "4am"}, {"week": "Tuesday", "value": 125, "time": "5am"}, {"week": "Tuesday", "value": 35, "time": "6am"}, {"week": "Tuesday", "value": 5, "time": "7am"}, {"week": "Tuesday", "value": 0, "time": "8am"}, {"week": "Tuesday", "value": 0, "time": "9am"}, {"week": "Tuesday", "value": 0, "time": "10am"}, {"week": "Tuesday", "value": 0, "time": "11am"}, {"week": "Tuesday", "value": 0, "time": "midday"}, {"week": "Tuesday", "value": 25, "time": "1pm"}, {"week": "Tuesday", "value": 322, "time": "2pm"}, {"week": "Tuesday", "value": 39, "time": "3pm"}, {"week": "Tuesday", "value": 2, "time": "4pm"}, {"week": "Tuesday", "value": 20, "time": "5pm"}, {"week": "Tuesday", "value": 59, "time": "6pm"}, {"week": "Tuesday", "value": 6, "time": "7pm"}, {"week": "Tuesday", "value": 4, "time": "8pm"}, {"week": "Tuesday", "value": 7, "time": "9pm"}, {"week": "Tuesday", "value": 5, "time": "10pm"}, {"week": "Tuesday", "value": 4, "time": "11pm"}, {"week": "Wednesday", "value": 0, "time": "midnight"}, {"week": "Wednesday", "value": 0, "time": "1am"}, {"week": "Wednesday", "value": 12, "time": "2am"}, {"week": "Wednesday", "value": 27, "time": "3am"}, {"week": "Wednesday", "value": 66, "time": "4am"}, {"week": "Wednesday", "value": 142, "time": "5am"}, {"week": "Wednesday", "value": 3, "time": "6am"}, {"week": "Wednesday", "value": 2, "time": "7am"}, {"week": "Wednesday", "value": 0, "time": "8am"}, {"week": "Wednesday", "value": 0, "time": "9am"}, {"week": "Wednesday", "value": 0, "time": "10am"}, {"week": "Wednesday", "value": 0, "time": "11am"}, {"week": "Wednesday", "value": 1, "time": "midday"}, {"week": "Wednesday", "value": 14, "time": "1pm"}, {"week": "Wednesday", "value": 80, "time": "2pm"}, {"week": "Wednesday", "value": 43, "time": "3pm"}, {"week": "Wednesday", "value": 5, "time": "4pm"}, {"week": "Wednesday", "value": 11, "time": "5pm"}, {"week": "Wednesday", "value": 28, "time": "6pm"}, {"week": "Wednesday", "value": 6, "time": "7pm"}, {"week": "Wednesday", "value": 5, "time": "8pm"}, {"week": "Wednesday", "value": 1, "time": "9pm"}, {"week": "Wednesday", "value": 4, "time": "10pm"}, {"week": "Wednesday", "value": 5, "time": "11pm"}, {"week": "Thursday", "value": 0, "time": "midnight"}, {"week": "Thursday", "value": 0, "time": "1am"}, {"week": "Thursday", "value": 3, "time": "2am"}, {"week": "Thursday", "value": 30, "time": "3am"}, {"week": "Thursday", "value": 9, "time": "4am"}, {"week": "Thursday", "value": 54, "time": "5am"}, {"week": "Thursday", "value": 15, "time": "6am"}, {"week": "Thursday", "value": 0, "time": "7am"}, {"week": "Thursday", "value": 0, "time": "8am"}, {"week": "Thursday", "value": 0, "time": "9am"}, {"week": "Thursday", "value": 0, "time": "10am"}, {"week": "Thursday", "value": 0, "time": "11am"}, {"week": "Thursday", "value": 7, "time": "midday"}, {"week": "Thursday", "value": 3, "time": "1pm"}, {"week": "Thursday", "value": 51, "time": "2pm"}, {"week": "Thursday", "value": 16, "time": "3pm"}, {"week": "Thursday", "value": 6, "time": "4pm"}, {"week": "Thursday", "value": 8, "time": "5pm"}, {"week": "Thursday", "value": 23, "time": "6pm"}, {"week": "Thursday", "value": 10, "time": "7pm"}, {"week": "Thursday", "value": 7, "time": "8pm"}, {"week": "Thursday", "value": 2, "time": "9pm"}, {"week": "Thursday", "value": 0, "time": "10pm"}, {"week": "Thursday", "value": 1, "time": "11pm"}, {"week": "Friday", "value": 0, "time": "midnight"}, {"week": "Friday", "value": 0, "time": "1am"}, {"week": "Friday", "value": 16, "time": "2am"}, {"week": "Friday", "value": 26, "time": "3am"}, {"week": "Friday", "value": 31, "time": "4am"}, {"week": "Friday", "value": 19, "time": "5am"}, {"week": "Friday", "value": 19, "time": "6am"}, {"week": "Friday", "value": 0, "time": "7am"}, {"week": "Friday", "value": 0, "time": "8am"}, {"week": "Friday", "value": 0, "time": "9am"}, {"week": "Friday", "value": 0, "time": "10am"}, {"week": "Friday", "value": 0, "time": "11am"}, {"week": "Friday", "value": 0, "time": "midday"}, {"week": "Friday", "value": 5, "time": "1pm"}, {"week": "Friday", "value": 55, "time": "2pm"}, {"week": "Friday", "value": 24, "time": "3pm"}, {"week": "Friday", "value": 1, "time": "4pm"}, {"week": "Friday", "value": 1, "time": "5pm"}, {"week": "Friday", "value": 45, "time": "6pm"}, {"week": "Friday", "value": 4, "time": "7pm"}, {"week": "Friday", "value": 1, "time": "8pm"}, {"week": "Friday", "value": 4, "time": "9pm"}, {"week": "Friday", "value": 6, "time": "10pm"}, {"week": "Friday", "value": 3, "time": "11pm"}, {"week": "Saturday", "value": 0, "time": "midnight"}, {"week": "Saturday", "value": 0, "time": "1am"}, {"week": "Saturday", "value": 2, "time": "2am"}, {"week": "Saturday", "value": 26, "time": "3am"}, {"week": "Saturday", "value": 28, "time": "4am"}, {"week": "Saturday", "value": 95, "time": "5am"}, {"week": "Saturday", "value": 14, "time": "6am"}, {"week": "Saturday", "value": 3, "time": "7am"}, {"week": "Saturday", "value": 0, "time": "8am"}, {"week": "Saturday", "value": 0, "time": "9am"}, {"week": "Saturday", "value": 0, "time": "10am"}, {"week": "Saturday", "value": 0, "time": "11am"}, {"week": "Saturday", "value": 8, "time": "midday"}, {"week": "Saturday", "value": 9, "time": "1pm"}, {"week": "Saturday", "value": 67, "time": "2pm"}, {"week": "Saturday", "value": 20, "time": "3pm"}, {"week": "Saturday", "value": 0, "time": "4pm"}, {"week": "Saturday", "value": 8, "time": "5pm"}, {"week": "Saturday", "value": 20, "time": "6pm"}, {"week": "Saturday", "value": 13, "time": "7pm"}, {"week": "Saturday", "value": 0, "time": "8pm"}, {"week": "Saturday", "value": 2, "time": "9pm"}, {"week": "Saturday", "value": 1, "time": "10pm"}, {"week": "Saturday", "value": 0, "time": "11pm"}, {"week": "Sunday", "value": 0, "time": "midnight"}, {"week": "Sunday", "value": 0, "time": "1am"}, {"week": "Sunday", "value": 5, "time": "2am"}, {"week": "Sunday", "value": 46, "time": "3am"}, {"week": "Sunday", "value": 15, "time": "4am"}, {"week": "Sunday", "value": 41, "time": "5am"}, {"week": "Sunday", "value": 20, "time": "6am"}, {"week": "Sunday", "value": 2, "time": "7am"}, {"week": "Sunday", "value": 0, "time": "8am"}, {"week": "Sunday", "value": 0, "time": "9am"}, {"week": "Sunday", "value": 0, "time": "10am"}, {"week": "Sunday", "value": 0, "time": "11am"}, {"week": "Sunday", "value": 0, "time": "midday"}, {"week": "Sunday", "value": 12, "time": "1pm"}, {"week": "Sunday", "value": 75, "time": "2pm"}, {"week": "Sunday", "value": 25, "time": "3pm"}, {"week": "Sunday", "value": 0, "time": "4pm"}, {"week": "Sunday", "value": 3, "time": "5pm"}, {"week": "Sunday", "value": 39, "time": "6pm"}, {"week": "Sunday", "value": 17, "time": "7pm"}, {"week": "Sunday", "value": 1, "time": "8pm"}, {"week": "Sunday", "value": 1, "time": "9pm"}, {"week": "Sunday", "value": 0, "time": "10pm"}, {"week": "Sunday", "value": 3, "time": "11pm"}]}