{"data": [{"week": "Monday", "value": 0, "time": "midnight"}, {"week": "Monday", "value": 0, "time": "1am"}, {"week": "Monday", "value": 1, "time": "2am"}, {"week": "Monday", "value": 16, "time": "3am"}, {"week": "Monday", "value": 16, "time": "4am"}, {"week": "Monday", "value": 18, "time": "5am"}, {"week": "Monday", "value": 5, "time": "6am"}, {"week": "Monday", "value": 40, "time": "7am"}, {"week": "Monday", "value": 1, "time": "8am"}, {"week": "Monday", "value": 0, "time": "9am"}, {"week": "Monday", "value": 0, "time": "10am"}, {"week": "Monday", "value": 0, "time": "11am"}, {"week": "Monday", "value": 0, "time": "midday"}, {"week": "Monday", "value": 134, "time": "1pm"}, {"week": "Monday", "value": 50, "time": "2pm"}, {"week": "Monday", "value": 69, "time": "3pm"}, {"week": "Monday", "value": 5, "time": "4pm"}, {"week": "Monday", "value": 24, "time": "5pm"}, {"week": "Monday", "value": 9, "time": "6pm"}, {"week": "Monday", "value": 34, "time": "7pm"}, {"week": "Monday", "value": 11, "time": "8pm"}, {"week": "Monday", "value": 5, "time": "9pm"}, {"week": "Monday", "value": 2, "time": "10pm"}, {"week": "Monday", "value": 0, "time": "11pm"}, {"week": "Tuesday", "value": 0, "time": "midnight"}, {"week": "Tuesday", "value": 0, "time": "1am"}, {"week": "Tuesday", "value": 30, "time": "2am"}, {"week": "Tuesday", "value": 15, "time": "3am"}, {"week": "Tuesday", "value": 38, "time": "4am"}, {"week": "Tuesday", "value": 8, "time": "5am"}, {"week": "Tuesday", "value": 56, "time": "6am"}, {"week": "Tuesday", "value": 3, "time": "7am"}, {"week": "Tuesday", "value": 1, "time": "8am"}, {"week": "Tuesday", "value": 0, "time": "9am"}, {"week": "Tuesday", "value": 0, "time": "10am"}, {"week": "Tuesday", "value": 0, "time": "11am"}, {"week": "Tuesday", "value": 4, "time": "midday"}, {"week": "Tuesday", "value": 11, "time": "1pm"}, {"week": "Tuesday", "value": 13, "time": "2pm"}, {"week": "Tuesday", "value": 73, "time": "3pm"}, {"week": "Tuesday", "value": 19, "time": "4pm"}, {"week": "Tuesday", "value": 15, "time": "5pm"}, {"week": "Tuesday", "value": 29, "time": "6pm"}, {"week": "Tuesday", "value": 8, "time": "7pm"}, {"week": "Tuesday", "value": 14, "time": "8pm"}, {"week": "Tuesday", "value": 4, "time": "9pm"}, {"week": "Tuesday", "value": 0, "time": "10pm"}, {"week": "Tuesday", "value": 1, "time": "11pm"}, {"week": "Wednesday", "value": 0, "time": "midnight"}, {"week": "Wednesday", "value": 0, "time": "1am"}, {"week": "Wednesday", "value": 0, "time": "2am"}, {"week": "Wednesday", "value": 23, "time": "3am"}, {"week": "Wednesday", "value": 7, "time": "4am"}, {"week": "Wednesday", "value": 35, "time": "5am"}, {"week": "Wednesday", "value": 24, "time": "6am"}, {"week": "Wednesday", "value": 4, "time": "7am"}, {"week": "Wednesday", "value": 2, "time": "8am"}, {"week": "Wednesday", "value": 0, "time": "9am"}, {"week": "Wednesday", "value": 0, "time": "10am"}, {"week": "Wednesday", "value": 0, "time": "11am"}, {"week": "Wednesday", "value": 0, "time": "midday"}, {"week": "Wednesday", "value": 69, "time": "1pm"}, {"week": "Wednesday", "value": 40, "time": "2pm"}, {"week": "Wednesday", "value": 43, "time": "3pm"}, {"week": "Wednesday", "value": 14, "time": "4pm"}, {"week": "Wednesday", "value": 11, "time": "5pm"}, {"week": "Wednesday", "value": 40, "time": "6pm"}, {"week": "Wednesday", "value": 9, "time": "7pm"}, {"week": "Wednesday", "value": 13, "time": "8pm"}, {"week": "Wednesday", "value": 9, "time": "9pm"}, {"week": "Wednesday", "value": 0, "time": "10pm"}, {"week": "Wednesday", "value": 0, "time": "11pm"}, {"week": "Thursday", "value": 0, "time": "midnight"}, {"week": "Thursday", "value": 0, "time": "1am"}, {"week": "Thursday", "value": 7, "time": "2am"}, {"week": "Thursday", "value": 15, "time": "3am"}, {"week": "Thursday", "value": 31, "time": "4am"}, {"week": "Thursday", "value": 12, "time": "5am"}, {"week": "Thursday", "value": 60, "time": "6am"}, {"week": "Thursday", "value": 7, "time": "7am"}, {"week": "Thursday", "value": 0, "time": "8am"}, {"week": "Thursday", "value": 0, "time": "9am"}, {"week": "Thursday", "value": 0, "time": "10am"}, {"week": "Thursday", "value": 0, "time": "11am"}, {"week": "Thursday", "value": 7, "time": "midday"}, {"week": "Thursday", "value": 24, "time": "1pm"}, {"week": "Thursday", "value": 17, "time": "2pm"}, {"week": "Thursday", "value": 36, "time": "3pm"}, {"week": "Thursday", "value": 10, "time": "4pm"}, {"week": "Thursday", "value": 12, "time": "5pm"}, {"week": "Thursday", "value": 18, "time": "6pm"}, {"week": "Thursday", "value": 7, "time": "7pm"}, {"week": "Thursday", "value": 11, "time": "8pm"}, {"week": "Thursday", "value": 8, "time": "9pm"}, {"week": "Thursday", "value": 0, "time": "10pm"}, {"week": "Thursday", "value": 12, "time": "11pm"}, {"week": "Friday", "value": 0, "time": "midnight"}, {"week": "Friday", "value": 0, "time": "1am"}, {"week": "Friday", "value": 3, "time": "2am"}, {"week": "Friday", "value": 29, "time": "3am"}, {"week": "Friday", "value": 5, "time": "4am"}, {"week": "Friday", "value": 36, "time": "5am"}, {"week": "Friday", "value": 10, "time": "6am"}, {"week": "Friday", "value": 5, "time": "7am"}, {"week": "Friday", "value": 0, "time": "8am"}, {"week": "Friday", "value": 0, "time": "9am"}, {"week": "Friday", "value": 0, "time": "10am"}, {"week": "Friday", "value": 0, "time": "11am"}, {"week": "Friday", "value": 6, "time": "midday"}, {"week": "Friday", "value": 20, "time": "1pm"}, {"week": "Friday", "value": 15, "time": "2pm"}, {"week": "Friday", "value": 33, "time": "3pm"}, {"week": "Friday", "value": 13, "time": "4pm"}, {"week": "Friday", "value": 11, "time": "5pm"}, {"week": "Friday", "value": 7, "time": "6pm"}, {"week": "Friday", "value": 13, "time": "7pm"}, {"week": "Friday", "value": 12, "time": "8pm"}, {"week": "Friday", "value": 2, "time": "9pm"}, {"week": "Friday", "value": 0, "time": "10pm"}, {"week": "Friday", "value": 0, "time": "11pm"}, {"week": "Saturday", "value": 0, "time": "midnight"}, {"week": "Saturday", "value": 0, "time": "1am"}, {"week": "Saturday", "value": 14, "time": "2am"}, {"week": "Saturday", "value": 6, "time": "3am"}, {"week": "Saturday", "value": 25, "time": "4am"}, {"week": "Saturday", "value": 13, "time": "5am"}, {"week": "Saturday", "value": 23, "time": "6am"}, {"week": "Saturday", "value": 2, "time": "7am"}, {"week": "Saturday", "value": 1, "time": "8am"}, {"week": "Saturday", "value": 0, "time": "9am"}, {"week": "Saturday", "value": 0, "time": "10am"}, {"week": "Saturday", "value": 0, "time": "11am"}, {"week": "Saturday", "value": 0, "time": "midday"}, {"week": "Saturday", "value": 35, "time": "1pm"}, {"week": "Saturday", "value": 10, "time": "2pm"}, {"week": "Saturday", "value": 39, "time": "3pm"}, {"week": "Saturday", "value": 9, "time": "4pm"}, {"week": "Saturday", "value": 16, "time": "5pm"}, {"week": "Saturday", "value": 10, "time": "6pm"}, {"week": "Saturday", "value": 11, "time": "7pm"}, {"week": "Saturday", "value": 9, "time": "8pm"}, {"week": "Saturday", "value": 10, "time": "9pm"}, {"week": "Saturday", "value": 18, "time": "10pm"}, {"week": "Saturday", "value": 10, "time": "11pm"}, {"week": "Sunday", "value": 0, "time": "midnight"}, {"week": "Sunday", "value": 0, "time": "1am"}, {"week": "Sunday", "value": 7, "time": "2am"}, {"week": "Sunday", "value": 14, "time": "3am"}, {"week": "Sunday", "value": 77, "time": "4am"}, {"week": "Sunday", "value": 10, "time": "5am"}, {"week": "Sunday", "value": 17, "time": "6am"}, {"week": "Sunday", "value": 1, "time": "7am"}, {"week": "Sunday", "value": 0, "time": "8am"}, {"week": "Sunday", "value": 0, "time": "9am"}, {"week": "Sunday", "value": 0, "time": "10am"}, {"week": "Sunday", "value": 0, "time": "11am"}, {"week": "Sunday", "value": 4, "time": "midday"}, {"week": "Sunday", "value": 5, "time": "1pm"}, {"week": "Sunday", "value": 21, "time": "2pm"}, {"week": "Sunday", "value": 34, "time": "3pm"}, {"week": "Sunday", "value": 12, "time": "4pm"}, {"week": "Sunday", "value": 16, "time": "5pm"}, {"week": "Sunday", "value": 22, "time": "6pm"}, {"week": "Sunday", "value": 11, "time": "7pm"}, {"week": "Sunday", "value": 15, "time": "8pm"}, {"week": "Sunday", "value": 0, "time": "9pm"}, {"week": "Sunday", "value": 0, "time": "10pm"}, {"week": "Sunday", "value": 0, "time": "11pm"}]}