{"data": [{"week": "Monday", "value": 0, "time": "midnight"}, {"week": "Monday", "value": 0, "time": "1am"}, {"week": "Monday", "value": 13, "time": "2am"}, {"week": "Monday", "value": 26, "time": "3am"}, {"week": "Monday", "value": 35, "time": "4am"}, {"week": "Monday", "value": 39, "time": "5am"}, {"week": "Monday", "value": 67, "time": "6am"}, {"week": "Monday", "value": 10, "time": "7am"}, {"week": "Monday", "value": 0, "time": "8am"}, {"week": "Monday", "value": 0, "time": "9am"}, {"week": "Monday", "value": 0, "time": "10am"}, {"week": "Monday", "value": 0, "time": "11am"}, {"week": "Monday", "value": 0, "time": "midday"}, {"week": "Monday", "value": 25, "time": "1pm"}, {"week": "Monday", "value": 60, "time": "2pm"}, {"week": "Monday", "value": 155, "time": "3pm"}, {"week": "Monday", "value": 6, "time": "4pm"}, {"week": "Monday", "value": 9, "time": "5pm"}, {"week": "Monday", "value": 23, "time": "6pm"}, {"week": "Monday", "value": 37, "time": "7pm"}, {"week": "Monday", "value": 4, "time": "8pm"}, {"week": "Monday", "value": 0, "time": "9pm"}, {"week": "Monday", "value": 17, "time": "10pm"}, {"week": "Monday", "value": 5, "time": "11pm"}, {"week": "Tuesday", "value": 0, "time": "midnight"}, {"week": "Tuesday", "value": 0, "time": "1am"}, {"week": "Tuesday", "value": 0, "time": "2am"}, {"week": "Tuesday", "value": 72, "time": "3am"}, {"week": "Tuesday", "value": 58, "time": "4am"}, {"week": "Tuesday", "value": 62, "time": "5am"}, {"week": "Tuesday", "value": 110, "time": "6am"}, {"week": "Tuesday", "value": 1, "time": "7am"}, {"week": "Tuesday", "value": 0, "time": "8am"}, {"week": "Tuesday", "value": 0, "time": "9am"}, {"week": "Tuesday", "value": 0, "time": "10am"}, {"week": "Tuesday", "value": 0, "time": "11am"}, {"week": "Tuesday", "value": 5, "time": "midday"}, {"week": "Tuesday", "value": 1, "time": "1pm"}, {"week": "Tuesday", "value": 341, "time": "2pm"}, {"week": "Tuesday", "value": 189, "time": "3pm"}, {"week": "Tuesday", "value": 1, "time": "4pm"}, {"week": "Tuesday", "value": 10, "time": "5pm"}, {"week": "Tuesday", "value": 56, "time": "6pm"}, {"week": "Tuesday", "value": 18, "time": "7pm"}, {"week": "Tuesday", "value": 0, "time": "8pm"}, {"week": "Tuesday", "value": 3, "time": "9pm"}, {"week": "Tuesday", "value": 0, "time": "10pm"}, {"week": "Tuesday", "value": 0, "time": "11pm"}, {"week": "Wednesday", "value": 0, "time": "midnight"}, {"week": "Wednesday", "value": 0, "time": "1am"}, {"week": "Wednesday", "value": 0, "time": "2am"}, {"week": "Wednesday", "value": 84, "time": "3am"}, {"week": "Wednesday", "value": 16, "time": "4am"}, {"week": "Wednesday", "value": 42, "time": "5am"}, {"week": "Wednesday", "value": 84, "time": "6am"}, {"week": "Wednesday", "value": 8, "time": "7am"}, {"week": "Wednesday", "value": 0, "time": "8am"}, {"week": "Wednesday", "value": 0, "time": "9am"}, {"week": "Wednesday", "value": 0, "time": "10am"}, {"week": "Wednesday", "value": 0, "time": "11am"}, {"week": "Wednesday", "value": 0, "time": "midday"}, {"week": "Wednesday", "value": 5, "time": "1pm"}, {"week": "Wednesday", "value": 80, "time": "2pm"}, {"week": "Wednesday", "value": 53, "time": "3pm"}, {"week": "Wednesday", "value": 5, "time": "4pm"}, {"week": "Wednesday", "value": 5, "time": "5pm"}, {"week": "Wednesday", "value": 139, "time": "6pm"}, {"week": "Wednesday", "value": 70, "time": "7pm"}, {"week": "Wednesday", "value": 3, "time": "8pm"}, {"week": "Wednesday", "value": 6, "time": "9pm"}, {"week": "Wednesday", "value": 0, "time": "10pm"}, {"week": "Wednesday", "value": 1, "time": "11pm"}, {"week": "Thursday", "value": 0, "time": "midnight"}, {"week": "Thursday", "value": 0, "time": "1am"}, {"week": "Thursday", "value": 42, "time": "2am"}, {"week": "Thursday", "value": 40, "time": "3am"}, {"week": "Thursday", "value": 67, "time": "4am"}, {"week": "Thursday", "value": 30, "time": "5am"}, {"week": "Thursday", "value": 86, "time": "6am"}, {"week": "Thursday", "value": 14, "time": "7am"}, {"week": "Thursday", "value": 0, "time": "8am"}, {"week": "Thursday", "value": 0, "time": "9am"}, {"week": "Thursday", "value": 0, "time": "10am"}, {"week": "Thursday", "value": 0, "time": "11am"}, {"week": "Thursday", "value": 2, "time": "midday"}, {"week": "Thursday", "value": 85, "time": "1pm"}, {"week": "Thursday", "value": 63, "time": "2pm"}, {"week": "Thursday", "value": 134, "time": "3pm"}, {"week": "Thursday", "value": 6, "time": "4pm"}, {"week": "Thursday", "value": 4, "time": "5pm"}, {"week": "Thursday", "value": 51, "time": "6pm"}, {"week": "Thursday", "value": 22, "time": "7pm"}, {"week": "Thursday", "value": 1, "time": "8pm"}, {"week": "Thursday", "value": 0, "time": "9pm"}, {"week": "Thursday", "value": 0, "time": "10pm"}, {"week": "Thursday", "value": 1, "time": "11pm"}, {"week": "Friday", "value": 0, "time": "midnight"}, {"week": "Friday", "value": 0, "time": "1am"}, {"week": "Friday", "value": 2, "time": "2am"}, {"week": "Friday", "value": 31, "time": "3am"}, {"week": "Friday", "value": 11, "time": "4am"}, {"week": "Friday", "value": 42, "time": "5am"}, {"week": "Friday", "value": 54, "time": "6am"}, {"week": "Friday", "value": 9, "time": "7am"}, {"week": "Friday", "value": 0, "time": "8am"}, {"week": "Friday", "value": 0, "time": "9am"}, {"week": "Friday", "value": 0, "time": "10am"}, {"week": "Friday", "value": 0, "time": "11am"}, {"week": "Friday", "value": 0, "time": "midday"}, {"week": "Friday", "value": 22, "time": "1pm"}, {"week": "Friday", "value": 128, "time": "2pm"}, {"week": "Friday", "value": 67, "time": "3pm"}, {"week": "Friday", "value": 14, "time": "4pm"}, {"week": "Friday", "value": 4, "time": "5pm"}, {"week": "Friday", "value": 51, "time": "6pm"}, {"week": "Friday", "value": 53, "time": "7pm"}, {"week": "Friday", "value": 13, "time": "8pm"}, {"week": "Friday", "value": 0, "time": "9pm"}, {"week": "Friday", "value": 0, "time": "10pm"}, {"week": "Friday", "value": 1, "time": "11pm"}, {"week": "Saturday", "value": 0, "time": "midnight"}, {"week": "Saturday", "value": 0, "time": "1am"}, {"week": "Saturday", "value": 8, "time": "2am"}, {"week": "Saturday", "value": 24, "time": "3am"}, {"week": "Saturday", "value": 32, "time": "4am"}, {"week": "Saturday", "value": 42, "time": "5am"}, {"week": "Saturday", "value": 53, "time": "6am"}, {"week": "Saturday", "value": 6, "time": "7am"}, {"week": "Saturday", "value": 0, "time": "8am"}, {"week": "Saturday", "value": 0, "time": "9am"}, {"week": "Saturday", "value": 0, "time": "10am"}, {"week": "Saturday", "value": 0, "time": "11am"}, {"week": "Saturday", "value": 1, "time": "midday"}, {"week": "Saturday", "value": 8, "time": "1pm"}, {"week": "Saturday", "value": 32, "time": "2pm"}, {"week": "Saturday", "value": 124, "time": "3pm"}, {"week": "Saturday", "value": 0, "time": "4pm"}, {"week": "Saturday", "value": 18, "time": "5pm"}, {"week": "Saturday", "value": 27, "time": "6pm"}, {"week": "Saturday", "value": 21, "time": "7pm"}, {"week": "Saturday", "value": 0, "time": "8pm"}, {"week": "Saturday", "value": 0, "time": "9pm"}, {"week": "Saturday", "value": 0, "time": "10pm"}, {"week": "Saturday", "value": 5, "time": "11pm"}, {"week": "Sunday", "value": 0, "time": "midnight"}, {"week": "Sunday", "value": 0, "time": "1am"}, {"week": "Sunday", "value": 0, "time": "2am"}, {"week": "Sunday", "value": 54, "time": "3am"}, {"week": "Sunday", "value": 8, "time": "4am"}, {"week": "Sunday", "value": 36, "time": "5am"}, {"week": "Sunday", "value": 189, "time": "6am"}, {"week": "Sunday", "value": 2, "time": "7am"}, {"week": "Sunday", "value": 0, "time": "8am"}, {"week": "Sunday", "value": 0, "time": "9am"}, {"week": "Sunday", "value": 0, "time": "10am"}, {"week": "Sunday", "value": 0, "time": "11am"}, {"week": "Sunday", "value": 23, "time": "midday"}, {"week": "Sunday", "value": 6, "time": "1pm"}, {"week": "Sunday", "value": 116, "time": "2pm"}, {"week": "Sunday", "value": 73, "time": "3pm"}, {"week": "Sunday", "value": 7, "time": "4pm"}, {"week": "Sunday", "value": 2, "time": "5pm"}, {"week": "Sunday", "value": 80, "time": "6pm"}, {"week": "Sunday", "value": 11, "time": "7pm"}, {"week": "Sunday", "value": 3, "time": "8pm"}, {"week": "Sunday", "value": 0, "time": "9pm"}, {"week": "Sunday", "value": 0, "time": "10pm"}, {"week": "Sunday", "value": 3, "time": "11pm"}]}