{"data": [{"week": "Monday", "value": 0, "time": "midnight"}, {"week": "Monday", "value": 0, "time": "1am"}, {"week": "Monday", "value": 3, "time": "2am"}, {"week": "Monday", "value": 50, "time": "3am"}, {"week": "Monday", "value": 4, "time": "4am"}, {"week": "Monday", "value": 26, "time": "5am"}, {"week": "Monday", "value": 25, "time": "6am"}, {"week": "Monday", "value": 4, "time": "7am"}, {"week": "Monday", "value": 0, "time": "8am"}, {"week": "Monday", "value": 0, "time": "9am"}, {"week": "Monday", "value": 0, "time": "10am"}, {"week": "Monday", "value": 0, "time": "11am"}, {"week": "Monday", "value": 0, "time": "midday"}, {"week": "Monday", "value": 5, "time": "1pm"}, {"week": "Monday", "value": 189, "time": "2pm"}, {"week": "Monday", "value": 80, "time": "3pm"}, {"week": "Monday", "value": 1, "time": "4pm"}, {"week": "Monday", "value": 3, "time": "5pm"}, {"week": "Monday", "value": 17, "time": "6pm"}, {"week": "Monday", "value": 19, "time": "7pm"}, {"week": "Monday", "value": 5, "time": "8pm"}, {"week": "Monday", "value": 0, "time": "9pm"}, {"week": "Monday", "value": 0, "time": "10pm"}, {"week": "Monday", "value": 0, "time": "11pm"}, {"week": "Tuesday", "value": 0, "time": "midnight"}, {"week": "Tuesday", "value": 0, "time": "1am"}, {"week": "Tuesday", "value": 20, "time": "2am"}, {"week": "Tuesday", "value": 34, "time": "3am"}, {"week": "Tuesday", "value": 23, "time": "4am"}, {"week": "Tuesday", "value": 207, "time": "5am"}, {"week": "Tuesday", "value": 148, "time": "6am"}, {"week": "Tuesday", "value": 4, "time": "7am"}, {"week": "Tuesday", "value": 0, "time": "8am"}, {"week": "Tuesday", "value": 0, "time": "9am"}, {"week": "Tuesday", "value": 0, "time": "10am"}, {"week": "Tuesday", "value": 0, "time": "11am"}, {"week": "Tuesday", "value": 2, "time": "midday"}, {"week": "Tuesday", "value": 10, "time": "1pm"}, {"week": "Tuesday", "value": 112, "time": "2pm"}, {"week": "Tuesday", "value": 54, "time": "3pm"}, {"week": "Tuesday", "value": 12, "time": "4pm"}, {"week": "Tuesday", "value": 4, "time": "5pm"}, {"week": "Tuesday", "value": 51, "time": "6pm"}, {"week": "Tuesday", "value": 11, "time": "7pm"}, {"week": "Tuesday", "value": 5, "time": "8pm"}, {"week": "Tuesday", "value": 0, "time": "9pm"}, {"week": "Tuesday", "value": 0, "time": "10pm"}, {"week": "Tuesday", "value": 6, "time": "11pm"}, {"week": "Wednesday", "value": 0, "time": "midnight"}, {"week": "Wednesday", "value": 0, "time": "1am"}, {"week": "Wednesday", "value": 48, "time": "2am"}, {"week": "Wednesday", "value": 29, "time": "3am"}, {"week": "Wednesday", "value": 13, "time": "4am"}, {"week": "Wednesday", "value": 23, "time": "5am"}, {"week": "Wednesday", "value": 55, "time": "6am"}, {"week": "Wednesday", "value": 8, "time": "7am"}, {"week": "Wednesday", "value": 0, "time": "8am"}, {"week": "Wednesday", "value": 0, "time": "9am"}, {"week": "Wednesday", "value": 0, "time": "10am"}, {"week": "Wednesday", "value": 0, "time": "11am"}, {"week": "Wednesday", "value": 8, "time": "midday"}, {"week": "Wednesday", "value": 884, "time": "1pm"}, {"week": "Wednesday", "value": 57, "time": "2pm"}, {"week": "Wednesday", "value": 58, "time": "3pm"}, {"week": "Wednesday", "value": 5, "time": "4pm"}, {"week": "Wednesday", "value": 1, "time": "5pm"}, {"week": "Wednesday", "value": 85, "time": "6pm"}, {"week": "Wednesday", "value": 25, "time": "7pm"}, {"week": "Wednesday", "value": 3, "time": "8pm"}, {"week": "Wednesday", "value": 0, "time": "9pm"}, {"week": "Wednesday", "value": 0, "time": "10pm"}, {"week": "Wednesday", "value": 1, "time": "11pm"}, {"week": "Thursday", "value": 0, "time": "midnight"}, {"week": "Thursday", "value": 0, "time": "1am"}, {"week": "Thursday", "value": 3, "time": "2am"}, {"week": "Thursday", "value": 18, "time": "3am"}, {"week": "Thursday", "value": 17, "time": "4am"}, {"week": "Thursday", "value": 37, "time": "5am"}, {"week": "Thursday", "value": 46, "time": "6am"}, {"week": "Thursday", "value": 3, "time": "7am"}, {"week": "Thursday", "value": 0, "time": "8am"}, {"week": "Thursday", "value": 0, "time": "9am"}, {"week": "Thursday", "value": 0, "time": "10am"}, {"week": "Thursday", "value": 0, "time": "11am"}, {"week": "Thursday", "value": 2, "time": "midday"}, {"week": "Thursday", "value": 31, "time": "1pm"}, {"week": "Thursday", "value": 65, "time": "2pm"}, {"week": "Thursday", "value": 117, "time": "3pm"}, {"week": "Thursday", "value": 4, "time": "4pm"}, {"week": "Thursday", "value": 7, "time": "5pm"}, {"week": "Thursday", "value": 25, "time": "6pm"}, {"week": "Thursday", "value": 10, "time": "7pm"}, {"week": "Thursday", "value": 6, "time": "8pm"}, {"week": "Thursday", "value": 0, "time": "9pm"}, {"week": "Thursday", "value": 1, "time": "10pm"}, {"week": "Thursday", "value": 0, "time": "11pm"}, {"week": "Friday", "value": 0, "time": "midnight"}, {"week": "Friday", "value": 0, "time": "1am"}, {"week": "Friday", "value": 11, "time": "2am"}, {"week": "Friday", "value": 12, "time": "3am"}, {"week": "Friday", "value": 9, "time": "4am"}, {"week": "Friday", "value": 60, "time": "5am"}, {"week": "Friday", "value": 33, "time": "6am"}, {"week": "Friday", "value": 6, "time": "7am"}, {"week": "Friday", "value": 0, "time": "8am"}, {"week": "Friday", "value": 0, "time": "9am"}, {"week": "Friday", "value": 0, "time": "10am"}, {"week": "Friday", "value": 0, "time": "11am"}, {"week": "Friday", "value": 6, "time": "midday"}, {"week": "Friday", "value": 21, "time": "1pm"}, {"week": "Friday", "value": 29, "time": "2pm"}, {"week": "Friday", "value": 27, "time": "3pm"}, {"week": "Friday", "value": 6, "time": "4pm"}, {"week": "Friday", "value": 7, "time": "5pm"}, {"week": "Friday", "value": 22, "time": "6pm"}, {"week": "Friday", "value": 19, "time": "7pm"}, {"week": "Friday", "value": 1, "time": "8pm"}, {"week": "Friday", "value": 2, "time": "9pm"}, {"week": "Friday", "value": 2, "time": "10pm"}, {"week": "Friday", "value": 4, "time": "11pm"}, {"week": "Saturday", "value": 0, "time": "midnight"}, {"week": "Saturday", "value": 0, "time": "1am"}, {"week": "Saturday", "value": 8, "time": "2am"}, {"week": "Saturday", "value": 35, "time": "3am"}, {"week": "Saturday", "value": 22, "time": "4am"}, {"week": "Saturday", "value": 44, "time": "5am"}, {"week": "Saturday", "value": 18, "time": "6am"}, {"week": "Saturday", "value": 4, "time": "7am"}, {"week": "Saturday", "value": 0, "time": "8am"}, {"week": "Saturday", "value": 0, "time": "9am"}, {"week": "Saturday", "value": 0, "time": "10am"}, {"week": "Saturday", "value": 0, "time": "11am"}, {"week": "Saturday", "value": 0, "time": "midday"}, {"week": "Saturday", "value": 11, "time": "1pm"}, {"week": "Saturday", "value": 1227, "time": "2pm"}, {"week": "Saturday", "value": 75, "time": "3pm"}, {"week": "Saturday", "value": 5, "time": "4pm"}, {"week": "Saturday", "value": 1, "time": "5pm"}, {"week": "Saturday", "value": 18, "time": "6pm"}, {"week": "Saturday", "value": 2, "time": "7pm"}, {"week": "Saturday", "value": 6, "time": "8pm"}, {"week": "Saturday", "value": 5, "time": "9pm"}, {"week": "Saturday", "value": 4, "time": "10pm"}, {"week": "Saturday", "value": 1, "time": "11pm"}, {"week": "Sunday", "value": 0, "time": "midnight"}, {"week": "Sunday", "value": 0, "time": "1am"}, {"week": "Sunday", "value": 18, "time": "2am"}, {"week": "Sunday", "value": 11, "time": "3am"}, {"week": "Sunday", "value": 20, "time": "4am"}, {"week": "Sunday", "value": 16, "time": "5am"}, {"week": "Sunday", "value": 40, "time": "6am"}, {"week": "Sunday", "value": 6, "time": "7am"}, {"week": "Sunday", "value": 0, "time": "8am"}, {"week": "Sunday", "value": 0, "time": "9am"}, {"week": "Sunday", "value": 0, "time": "10am"}, {"week": "Sunday", "value": 0, "time": "11am"}, {"week": "Sunday", "value": 1, "time": "midday"}, {"week": "Sunday", "value": 6, "time": "1pm"}, {"week": "Sunday", "value": 32, "time": "2pm"}, {"week": "Sunday", "value": 46, "time": "3pm"}, {"week": "Sunday", "value": 4, "time": "4pm"}, {"week": "Sunday", "value": 1, "time": "5pm"}, {"week": "Sunday", "value": 24, "time": "6pm"}, {"week": "Sunday", "value": 11, "time": "7pm"}, {"week": "Sunday", "value": 4, "time": "8pm"}, {"week": "Sunday", "value": 0, "time": "9pm"}, {"week": "Sunday", "value": 0, "time": "10pm"}, {"week": "Sunday", "value": 2, "time": "11pm"}]}